lines/Paragraphs,wordsCount,characterCount,bookNumber,bookName,chapterNumber
   17361,  809924, 4391342, **total**,,
     205,    2479,   14034, 19,Psalms,119
      16,    2207,   11717, 11,1 Kings,008
      22,    1984,   10585, 05,Deuteronomy,028
      17,    1974,   10701, 04,Numbers,007
      13,    1901,    9834, 01,Genesis,024
      16,    1873,   10631, 26,Ezekiel,016
     121,    1820,   10375, 24,Jeremiah,051
      13,    1813,    9318, 03,Leviticus,013
      17,    1798,    9681, 09,1 Samuel,017
      14,    1762,    9200, 40,Matthew,026
      13,    1742,    9115, 41,Mark,014
      23,    1694,    8772, 27,Daniel,011
      17,    1688,    9137, 26,Ezekiel,020
      12,    1647,    8869, 42,Luke,001
      14,    1641,    8683, 03,Leviticus,014
      13,    1603,    8206, 43,John,006
      15,    1602,    8884, 09,1 Samuel,014
      17,    1587,    8783, 07,Judges,009
      14,    1578,    8252, 03,Leviticus,025
      10,    1561,    8625, 11,1 Kings,001
      11,    1553,    8115, 01,Genesis,031
      24,    1551,    8257, 27,Daniel,002
       9,    1545,    8212, 44,Acts,007
      14,    1543,    8066, 42,Luke,022
      16,    1538,    8653, 11,1 Kings,022
      12,    1529,    8050, 05,Deuteronomy,004
      12,    1527,    8069, 42,Luke,009
      14,    1503,    8226, 11,1 Kings,002
      11,    1492,    7883, 42,Luke,008
      25,    1491,    7752, 26,Ezekiel,040
      15,    1487,    7846, 01,Genesis,041
      12,    1485,    7702, 14,2 Chronicles,006
      14,    1480,    7752, 40,Matthew,013
      11,    1472,    8027, 12,2 Kings,023
      13,    1460,    7851, 40,Matthew,027
      13,    1455,    7663, 02,Exodus,012
      12,    1454,    7762, 11,1 Kings,018
      12,    1452,    7799, 24,Jeremiah,032
       9,    1446,    7626, 42,Luke,012
      91,    1443,    8385, 24,Jeremiah,050
      17,    1439,    7686, 11,1 Kings,020
      13,    1431,    7385, 10,2 Samuel,019
      15,    1418,    7591, 11,1 Kings,007
      10,    1417,    7804, 16,Nehemiah,009
      10,    1382,    6964, 12,2 Kings,004
      15,    1377,    7808, 26,Ezekiel,023
      12,    1369,    7203, 42,Luke,011
      21,    1365,    8315, 04,Numbers,026
       8,    1364,    7126, 41,Mark,006
      13,    1358,    7202, 09,1 Samuel,025
      20,    1356,    7275, 27,Daniel,004
      10,    1353,    6927, 46,1 Corinthians,015
      14,    1352,    7420, 04,Numbers,016
      17,    1343,    7546, 07,Judges,020
      13,    1338,    6790, 02,Exodus,029
      12,    1332,    7318, 44,Acts,013
      12,    1313,    6906, 03,Leviticus,026
      12,    1312,    6684, 01,Genesis,027
      10,    1308,    7079, 11,1 Kings,011
       7,    1292,    6659, 42,Luke,007
      18,    1290,    7169, 06,Joshua,010
      13,    1288,    7298, 12,2 Kings,017
      16,    1286,    7996, 13,1 Chronicles,006
      13,    1281,    6923, 04,Numbers,004
       9,    1280,    6799, 09,1 Samuel,020
       9,    1277,    6700, 05,Deuteronomy,001
      67,    1274,    7088, 24,Jeremiah,031
      10,    1260,    6755, 07,Judges,006
      63,    1259,    7035, 05,Deuteronomy,032
      20,    1258,    6515, 42,Luke,006
       8,    1248,    6556, 43,John,011
      10,    1246,    6891, 12,2 Kings,009
       8,    1245,    6844, 12,2 Kings,018
      15,    1233,    6700, 12,2 Kings,010
      11,    1232,    6617, 04,Numbers,014
      12,    1230,    6634, 03,Leviticus,023
       8,    1225,    6482, 41,Mark,010
       9,    1224,    6495, 24,Jeremiah,044
      16,    1215,    6925, 04,Numbers,003
      10,    1214,    6893, 06,Joshua,022
      72,    1210,    6891, 19,Psalms,078
      13,    1210,    6732, 07,Judges,011
       9,    1208,    6314, 41,Mark,009
       9,    1203,    6363, 40,Matthew,012
      50,    1198,    6770, 24,Jeremiah,023
      10,    1198,    6609, 26,Ezekiel,036
       8,    1195,    6332, 43,John,004
       5,    1193,    5904, 43,John,008
       9,    1192,    6542, 14,2 Chronicles,034
       9,    1190,    6167, 43,John,012
       8,    1187,    6440, 42,Luke,023
      72,    1185,    6941, 24,Jeremiah,049
      10,    1184,    6613, 04,Numbers,031
      12,    1171,    6288, 40,Matthew,021
       9,    1168,    5878, 11,1 Kings,013
      12,    1167,    6209, 04,Numbers,022
      10,    1165,    6355, 10,2 Samuel,013
      86,    1162,    6949, 24,Jeremiah,048
      14,    1162,    6250, 10,2 Samuel,003
      13,    1161,    6641, 14,2 Chronicles,020
      11,    1160,    5970, 06,Joshua,008
      10,    1159,    5998, 01,Genesis,019
      10,    1158,    6305, 42,Luke,002
      21,    1158,    6159, 40,Matthew,005
       7,    1157,    5982, 43,John,007
      21,    1154,    6120, 09,1 Samuel,002
      11,    1151,    6092, 02,Exodus,028
      24,    1147,    6240, 24,Jeremiah,025
       9,    1146,    5935, 10,2 Samuel,014
      15,    1142,    5938, 26,Ezekiel,033
       8,    1139,    6146, 44,Acts,021
       9,    1139,    6026, 43,John,019
       7,    1138,    6270, 12,2 Kings,015
       8,    1138,    6022, 44,Acts,027
      11,    1137,    6167, 01,Genesis,030
      19,    1137,    5928, 03,Leviticus,016
      28,    1136,    6295, 23,Isaiah,037
      28,    1135,    6296, 12,2 Kings,019
       7,    1135,    5997, 44,Acts,010
      19,    1132,    6328, 04,Numbers,001
      13,    1130,    5898, 40,Matthew,024
       7,    1127,    6465, 14,2 Chronicles,029
       9,    1126,    6069, 10,2 Samuel,018
       9,    1124,    6116, 10,2 Samuel,015
       9,    1119,    5880, 42,Luke,024
       9,    1115,    5677, 03,Leviticus,004
       9,    1112,    5905, 43,John,001
      10,    1105,    6153, 14,2 Chronicles,032
       9,    1096,    5943, 04,Numbers,018
      10,    1095,    5666, 02,Exodus,032
      10,    1093,    5771, 44,Acts,009
       8,    1092,    5907, 44,Acts,005
       7,    1090,    5958, 44,Acts,002
      10,    1090,    5886, 04,Numbers,015
      16,    1089,    5839, 02,Exodus,034
      11,    1088,    6000, 24,Jeremiah,036
      11,    1087,    5686, 04,Numbers,011
      13,    1081,    5731, 07,Judges,016
       7,    1080,    5365, 43,John,005
       9,    1077,    5581, 42,Luke,019
      10,    1072,    5652, 42,Luke,004
       8,    1071,    5698, 41,Mark,012
       9,    1070,    5652, 42,Luke,010
       8,    1069,    5660, 11,1 Kings,016
       9,    1069,    5591, 40,Matthew,025
       9,    1068,    5521, 01,Genesis,042
      10,    1067,    5710, 03,Leviticus,011
      11,    1064,    5648, 02,Exodus,016
       9,    1062,    5482, 46,1 Corinthians,007
      17,    1058,    5833, 58,Hebrews,011
      14,    1057,    5739, 06,Joshua,024
      12,    1055,    5450, 03,Leviticus,008
      10,    1052,    5749, 02,Exodus,039
      10,    1044,    5934, 14,2 Chronicles,018
       7,    1043,    5946, 44,Acts,019
       8,    1043,    5488, 07,Judges,019
      73,    1042,    5964, 24,Jeremiah,002
      10,    1041,    5644, 11,1 Kings,012
       9,    1041,    5422, 12,2 Kings,006
      33,    1040,    5685, 26,Ezekiel,032
       9,    1037,    5643, 09,1 Samuel,015
      13,    1036,    5593, 16,Nehemiah,013
       9,    1034,    5758, 04,Numbers,032
      10,    1034,    5531, 43,John,018
       8,    1032,    5478, 24,Jeremiah,007
      12,    1025,    5885, 16,Nehemiah,007
       7,    1024,    5618, 44,Acts,016
      13,    1022,    5673, 27,Daniel,005
       6,    1022,    5550, 05,Deuteronomy,002
      11,    1022,    5496, 04,Numbers,029
       7,    1020,    5524, 41,Mark,015
       8,    1019,    5336, 45,Romans,008
      43,    1016,    5579, 23,Isaiah,030
      10,    1016,    5365, 05,Deuteronomy,031
      16,    1016,    5332, 27,Daniel,007
      22,    1010,    5612, 16,Nehemiah,003
      12,    1007,    5628, 24,Jeremiah,052
      15,    1007,    5497, 26,Ezekiel,018
       8,    1003,    5548, 26,Ezekiel,044
      13,    1001,    5629, 24,Jeremiah,029
      11,     998,    6389, 16,Nehemiah,012
       8,     998,    5589, 44,Acts,015
      13,     998,    5371, 24,Jeremiah,038
      12,     996,    5350, 27,Daniel,009
       9,     996,    5271, 01,Genesis,047
       8,     996,    5210, 46,1 Corinthians,014
      10,     996,    5163, 10,2 Samuel,012
       8,     995,    5265, 41,Mark,005
       7,     993,    5914, 13,1 Chronicles,011
       8,     992,    5292, 07,Judges,018
       7,     991,    5306, 05,Deuteronomy,012
      11,     990,    5895, 27,Daniel,003
      12,     990,    5369, 03,Leviticus,007
       6,     990,    5231, 12,2 Kings,005
      10,     989,    5311, 41,Mark,001
      10,     989,    5175, 11,1 Kings,006
      10,     988,    5453, 11,1 Kings,014
       7,     988,    5007, 09,1 Samuel,009
       9,     987,    5250, 02,Exodus,009
       8,     987,    5131, 01,Genesis,043
      12,     986,    4763, 02,Exodus,021
      12,     985,    5219, 01,Genesis,037
       9,     983,    5079, 41,Mark,004
       9,     982,    5278, 26,Ezekiel,034
      11,     982,    5121, 03,Leviticus,027
       7,     976,    5409, 11,1 Kings,015
       6,     976,    5213, 42,Luke,005
       7,     975,    5427, 44,Acts,017
      11,     975,    5382, 07,Judges,008
       7,     975,    5180, 42,Luke,018
       8,     974,    5293, 42,Luke,020
       7,     974,    5250, 44,Acts,020
       7,     973,    5324, 14,2 Chronicles,025
      10,     972,    5385, 17,Esther,009
       7,     972,    5382, 15,Ezra,008
       6,     972,    5364, 13,1 Chronicles,029
       9,     972,    5022, 02,Exodus,026
      10,     971,    5819, 04,Numbers,033
       8,     971,    5235, 12,2 Kings,008
       7,     970,    5309, 05,Deuteronomy,009
      12,     962,    5629, 13,1 Chronicles,012
      23,     961,    5101, 03,Leviticus,019
       8,     960,    5202, 02,Exodus,014
       9,     958,    5172, 44,Acts,004
       9,     953,    5207, 44,Acts,008
       6,     953,    4787, 43,John,009
      18,     951,    6156, 06,Joshua,015
      25,     951,    5772, 06,Joshua,021
       8,     949,    5311, 14,2 Chronicles,024
      12,     947,    5075, 26,Ezekiel,021
       9,     946,    5696, 13,1 Chronicles,009
       9,     945,    4986, 04,Numbers,035
      10,     944,    5072, 02,Exodus,036
       7,     944,    5043, 02,Exodus,008
       8,     944,    5001, 40,Matthew,010
       6,     941,    5281, 12,2 Kings,025
      16,     940,    5389, 26,Ezekiel,048
       8,     940,    5113, 06,Joshua,007
      19,     939,    5210, 04,Numbers,021
       9,     938,    5049, 01,Genesis,026
      12,     938,    4983, 27,Daniel,006
       8,     937,    5133, 44,Acts,023
       7,     937,    4673, 01,Genesis,044
      62,     933,    4880, 25,Lamentations,003
       6,     931,    4903, 02,Exodus,010
       8,     930,    5275, 14,2 Chronicles,035
       8,     930,    5105, 04,Numbers,005
      72,     928,    5028, 23,Isaiah,044
      16,     927,    4829, 02,Exodus,023
      14,     927,    4815, 05,Deuteronomy,005
       7,     926,    4894, 09,1 Samuel,030
       9,     925,    4955, 07,Judges,007
       5,     925,    4743, 43,John,013
       7,     925,    4690, 40,Matthew,018
      13,     924,    5591, 07,Judges,001
      11,     922,    4759, 27,Daniel,008
       7,     920,    5777, 15,Ezra,010
      12,     920,    4951, 26,Ezekiel,039
      10,     919,    5099, 14,2 Chronicles,009
      58,     919,    4999, 19,Psalms,018
       8,     918,    4778, 05,Deuteronomy,011
       8,     916,    4836, 02,Exodus,030
      16,     916,    4663, 05,Deuteronomy,022
      10,     915,    5066, 10,2 Samuel,017
      56,     915,    4937, 10,2 Samuel,022
       7,     914,    4818, 45,Romans,011
       7,     912,    4825, 01,Genesis,029
       7,     907,    4766, 42,Luke,013
      11,     906,    4912, 26,Ezekiel,045
       7,     906,    4912, 13,1 Chronicles,021
      52,     903,    5076, 29,Joel,002
       7,     903,    4639, 02,Exodus,004
       7,     900,    5091, 14,2 Chronicles,028
       7,     900,    4581, 43,John,010
       9,     898,    4718, 66,Revelation,002
       7,     897,    4977, 12,2 Kings,014
       7,     897,    4929, 11,1 Kings,021
       9,     897,    4692, 03,Leviticus,022
       7,     895,    4714, 01,Genesis,018
      17,     893,    5271, 10,2 Samuel,023
       9,     893,    4596, 26,Ezekiel,043
       7,     892,    5034, 10,2 Samuel,002
       8,     892,    4687, 44,Acts,026
      13,     891,    4699, 03,Leviticus,020
      10,     889,    4625, 26,Ezekiel,037
      60,     888,    5033, 24,Jeremiah,004
      15,     887,    5777, 13,1 Chronicles,002
       8,     886,    4626, 26,Ezekiel,046
       6,     883,    4466, 02,Exodus,025
       6,     882,    4435, 43,John,016
      62,     881,    4805, 25,Lamentations,002
       6,     881,    4786, 05,Deuteronomy,007
       7,     880,    4571, 03,Leviticus,006
       7,     880,    4524, 42,Luke,014
       6,     879,    4545, 10,2 Samuel,007
      10,     878,    4805, 03,Leviticus,015
       7,     878,    4719, 12,2 Kings,003
      10,     877,    4824, 40,Matthew,023
      59,     876,    4924, 19,Psalms,089
       9,     876,    4790, 40,Matthew,009
       7,     876,    4568, 11,1 Kings,003
       7,     875,    4701, 44,Acts,028
       7,     872,    4789, 58,Hebrews,010
       6,     872,    4697, 05,Deuteronomy,003
      11,     870,    4669, 06,Joshua,006
      24,     869,    5308, 01,Genesis,036
      65,     869,    4961, 24,Jeremiah,005
       6,     867,    4632, 41,Mark,008
       9,     866,    4723, 10,2 Samuel,020
       8,     864,    5504, 06,Joshua,019
      55,     864,    4722, 23,Isaiah,049
       5,     864,    4566, 09,1 Samuel,026
       7,     863,    4705, 26,Ezekiel,022
       8,     863,    4602, 12,2 Kings,002
       9,     863,    4468, 01,Genesis,032
      19,     863,    4390, 02,Exodus,022
      15,     861,    4833, 04,Numbers,010
       6,     861,    4412, 43,John,003
       6,     860,    5053, 14,2 Chronicles,030
       9,     860,    4501, 41,Mark,013
      44,     859,    4825, 23,Isaiah,010
      11,     858,    4669, 24,Jeremiah,033
      35,     857,    4860, 24,Jeremiah,022
       8,     856,    5055, 06,Joshua,013
      10,     856,    4918, 15,Ezra,002
       6,     855,    4518, 09,1 Samuel,010
      13,     851,    4705, 11,1 Kings,010
       7,     851,    4511, 05,Deuteronomy,029
       9,     850,    4505, 42,Luke,021
      47,     848,    4772, 23,Isaiah,014
      43,     848,    4620, 23,Isaiah,066
       7,     848,    4557, 42,Luke,016
      11,     848,    4365, 40,Matthew,006
       7,     848,    4357, 12,2 Kings,007
      68,     847,    4855, 24,Jeremiah,006
       9,     846,    5320, 13,1 Chronicles,004
      37,     845,    4614, 24,Jeremiah,017
       9,     845,    4213, 26,Ezekiel,003
       9,     843,    4632, 40,Matthew,022
       8,     842,    4497, 15,Ezra,007
       7,     841,    4739, 17,Esther,002
      44,     837,    4644, 23,Isaiah,005
       6,     837,    4549, 40,Matthew,015
       8,     837,    4467, 26,Ezekiel,012
       6,     837,    4467, 13,1 Chronicles,028
       5,     836,    4553, 41,Mark,007
       7,     836,    4539, 01,Genesis,038
       8,     834,    4279, 62,1 John,002
      11,     833,    4468, 01,Genesis,001
       8,     832,    4547, 02,Exodus,038
       7,     832,    4543, 10,2 Samuel,024
       7,     831,    4374, 42,Luke,017
       9,     829,    4547, 09,1 Samuel,018
      15,     829,    4466, 01,Genesis,049
       6,     827,    4382, 45,Romans,015
       6,     827,    4314, 01,Genesis,021
       7,     826,    4500, 09,1 Samuel,023
       7,     826,    4456, 26,Ezekiel,001
       6,     824,    4575, 11,1 Kings,009
       7,     822,    4416, 10,2 Samuel,011
       7,     822,    4363, 09,1 Samuel,028
      35,     821,    4420, 23,Isaiah,065
      59,     820,    4535, 23,Isaiah,041
      15,     820,    4298, 02,Exodus,040
       9,     815,    3899, 43,John,014
       6,     814,    4229, 02,Exodus,003
      35,     813,    4795, 13,1 Chronicles,016
       8,     813,    4418, 66,Revelation,018
      32,     811,    4724, 26,Ezekiel,027
      66,     811,    4435, 25,Lamentations,001
       8,     811,    4343, 47,2 Corinthians,011
       6,     810,    4721, 07,Judges,003
       8,     809,    4058, 46,1 Corinthians,011
       9,     808,    4483, 12,2 Kings,013
       6,     808,    4235, 04,Numbers,028
       5,     807,    4433, 58,Hebrews,009
       7,     806,    4299, 44,Acts,022
      60,     804,    4478, 23,Isaiah,040
       8,     804,    4268, 26,Ezekiel,007
      51,     803,    4735, 24,Jeremiah,046
       6,     800,    4322, 44,Acts,025
       8,     800,    4263, 09,1 Samuel,001
      30,     800,    4148, 04,Numbers,023
       6,     799,    4287, 06,Joshua,009
       5,     799,    4098, 09,1 Samuel,012
       6,     798,    4081, 13,1 Chronicles,017
      51,     797,    4301, 23,Isaiah,045
       6,     795,    4293, 58,Hebrews,012
       6,     793,    4376, 15,Ezra,006
      10,     792,    4310, 24,Jeremiah,026
       7,     792,    4284, 24,Jeremiah,034
       6,     792,    4147, 40,Matthew,008
       7,     792,    4131, 43,John,020
       7,     790,    4215, 26,Ezekiel,017
       5,     788,    4339, 14,2 Chronicles,023
       8,     788,    4266, 01,Genesis,034
       8,     787,    5036, 13,1 Chronicles,007
      56,     787,    4497, 05,Deuteronomy,033
      41,     785,    4522, 23,Isaiah,028
       9,     784,    4207, 08,Ruth,002
       5,     781,    4216, 12,2 Kings,021
       6,     780,    3963, 06,Joshua,002
       7,     779,    4402, 45,Romans,001
       7,     779,    4383, 15,Ezra,004
       8,     779,    4378, 10,2 Samuel,021
      39,     779,    4296, 26,Ezekiel,028
       7,     779,    4289, 14,2 Chronicles,033
      24,     779,    4076, 26,Ezekiel,024
       6,     778,    4672, 13,1 Chronicles,027
      19,     778,    4136, 24,Jeremiah,011
      25,     776,    4469, 24,Jeremiah,003
       7,     774,    4575, 14,2 Chronicles,031
       8,     774,    4054, 01,Genesis,045
       6,     773,    3989, 40,Matthew,020
       6,     772,    4170, 45,Romans,009
       7,     771,    4185, 26,Ezekiel,013
      11,     771,    4104, 26,Ezekiel,041
       8,     771,    3969, 50,Philippians,001
       5,     770,    4113, 09,1 Samuel,006
       7,     769,    4093, 51,Colossians,001
       6,     769,    4012, 41,Mark,011
       7,     768,    3726, 46,1 Corinthians,009
       5,     767,    3967, 42,Luke,015
       8,     766,    4569, 42,Luke,003
       9,     765,    4164, 04,Numbers,020
      50,     764,    4422, 23,Isaiah,001
       9,     763,    3959, 38,Zechariah,014
       9,     762,    4219, 26,Ezekiel,038
      44,     761,    4357, 24,Jeremiah,009
       9,     761,    4239, 26,Ezekiel,014
       7,     761,    3999, 43,John,021
       5,     761,    3908, 66,Revelation,021
      19,     760,    4195, 03,Leviticus,018
       5,     758,    4160, 14,2 Chronicles,007
      11,     757,    3899, 21,Ecclesiastes,002
       6,     756,    4556, 13,1 Chronicles,026
       9,     755,    4145, 24,Jeremiah,027
       6,     754,    4031, 04,Numbers,013
       7,     752,    4101, 12,2 Kings,011
      50,     752,    4051, 23,Isaiah,051
       8,     751,    4070, 09,1 Samuel,022
      11,     751,    4068, 04,Numbers,006
       7,     751,    3867, 46,1 Corinthians,001
       7,     750,    4245, 02,Exodus,035
       4,     750,    4005, 40,Matthew,014
      48,     749,    4382, 19,Psalms,106
      47,     749,    4068, 23,Isaiah,043
      13,     748,    3934, 26,Ezekiel,030
      11,     747,    4436, 16,Nehemiah,011
      25,     746,    4226, 01,Genesis,046
       5,     746,    4042, 09,1 Samuel,004
       7,     745,    3948, 09,1 Samuel,019
      28,     743,    4016, 24,Jeremiah,013
       7,     743,    3744, 01,Genesis,003
      10,     742,    4187, 65,Jude,001
       7,     742,    4148, 14,2 Chronicles,036
       4,     741,    3931, 41,Mark,002
       7,     740,    4216, 14,2 Chronicles,026
      17,     740,    4066, 26,Ezekiel,047
       8,     740,    4041, 07,Judges,021
       7,     740,    3761, 16,Nehemiah,002
       5,     737,    3879, 11,1 Kings,019
       7,     735,    4070, 10,2 Samuel,016
       6,     735,    4059, 44,Acts,018
       8,     735,    3985, 07,Judges,013
       5,     733,    3985, 23,Isaiah,036
       9,     733,    3906, 26,Ezekiel,011
       7,     732,    4231, 06,Joshua,018
       8,     731,    3892, 40,Matthew,019
       6,     730,    4044, 02,Exodus,018
       9,     729,    4084, 07,Judges,004
       6,     728,    3929, 41,Mark,003
       5,     728,    3691, 05,Deuteronomy,017
       6,     726,    3706, 05,Deuteronomy,021
       7,     725,    3896, 49,Ephesians,004
       6,     724,    3789, 40,Matthew,011
       7,     723,    3927, 48,Galatians,003
       8,     723,    3660, 24,Jeremiah,042
       8,     722,    3754, 46,1 Corinthians,010
       6,     722,    3665, 48,Galatians,004
       6,     721,    3892, 01,Genesis,050
      34,     719,    3941, 02,Exodus,015
      12,     717,    3823, 38,Zechariah,008
       6,     717,    3606, 66,Revelation,003
       7,     716,    3907, 12,2 Kings,012
      34,     716,    3873, 24,Jeremiah,014
      17,     716,    3790, 26,Ezekiel,029
       7,     715,    3779, 02,Exodus,019
       5,     715,    3491, 43,John,017
       5,     714,    4020, 16,Nehemiah,008
       7,     713,    4035, 17,Esther,001
       8,     711,    4238, 11,1 Kings,004
       5,     711,    3717, 40,Matthew,016
      12,     711,    3686, 05,Deuteronomy,024
       5,     711,    3672, 50,Philippians,002
      48,     710,    4323, 07,Judges,005
      35,     710,    3785, 18,Job,031
       9,     709,    4282, 16,Nehemiah,010
       7,     709,    4001, 09,1 Samuel,013
      35,     709,    3980, 23,Isaiah,029
       7,     708,    3613, 47,2 Corinthians,001
       9,     706,    3841, 26,Ezekiel,026
      12,     704,    3983, 01,Genesis,025
       7,     704,    3809, 44,Acts,011
       7,     704,    3786, 44,Acts,012
      21,     704,    3730, 23,Isaiah,022
       8,     704,    3639, 12,2 Kings,001
       5,     703,    3901, 10,2 Samuel,006
      18,     703,    3849, 24,Jeremiah,016
      21,     702,    4032, 02,Exodus,006
       8,     701,    3642, 66,Revelation,019
       5,     699,    3809, 12,2 Kings,016
       5,     699,    3752, 02,Exodus,007
      12,     699,    3699, 16,Nehemiah,004
       5,     697,    4037, 13,1 Chronicles,023
      11,     697,    3452, 01,Genesis,002
      47,     695,    3845, 24,Jeremiah,008
       8,     695,    3662, 03,Leviticus,005
       9,     695,    3590, 66,Revelation,014
       5,     695,    3537, 02,Exodus,037
      45,     694,    3851, 19,Psalms,037
       5,     694,    3804, 12,2 Kings,022
      44,     694,    3796, 24,Jeremiah,015
       7,     694,    3776, 05,Deuteronomy,016
      11,     694,    3576, 07,Judges,014
       6,     694,    3525, 02,Exodus,033
       7,     692,    3665, 04,Numbers,019
      47,     691,    3740, 24,Jeremiah,010
       7,     691,    3730, 01,Genesis,017
       5,     690,    3954, 06,Joshua,011
       5,     690,    3502, 11,1 Kings,017
       5,     689,    3716, 09,1 Samuel,016
       5,     688,    3727, 45,Romans,002
      27,     688,    3672, 28,Hosea,002
       6,     687,    3843, 04,Numbers,009
      15,     687,    3668, 23,Isaiah,007
       9,     686,    3694, 01,Genesis,035
      45,     686,    3676, 23,Isaiah,042
      47,     685,    3916, 19,Psalms,068
      40,     685,    3905, 19,Psalms,107
      35,     685,    3815, 30,Amos,005
       6,     685,    3586, 02,Exodus,002
       6,     684,    4245, 13,1 Chronicles,015
      28,     683,    3759, 23,Isaiah,019
       5,     682,    3748, 44,Acts,001
      46,     681,    3802, 24,Jeremiah,030
       5,     680,    3291, 45,Romans,007
       5,     679,    3564, 05,Deuteronomy,015
       4,     679,    3450, 09,1 Samuel,024
       9,     678,    3718, 12,2 Kings,020
      10,     677,    3723, 01,Genesis,048
      18,     676,    3735, 10,2 Samuel,001
       6,     675,    3734, 58,Hebrews,007
      15,     674,    3768, 01,Genesis,011
       6,     674,    3660, 44,Acts,024
      35,     673,    4534, 13,1 Chronicles,001
       7,     673,    3737, 24,Jeremiah,040
       9,     673,    3632, 06,Joshua,004
       6,     672,    4019, 06,Joshua,017
      49,     672,    3661, 19,Psalms,069
       3,     672,    3301, 43,John,015
      10,     671,    3614, 01,Genesis,004
      18,     670,    3812, 37,Haggai,002
       6,     670,    3661, 03,Leviticus,010
       5,     670,    3419, 47,2 Corinthians,012
       6,     668,    3592, 46,1 Corinthians,012
       3,     668,    3529, 44,Acts,003
       5,     667,    3628, 04,Numbers,008
       6,     667,    3545, 45,Romans,003
      14,     666,    3558, 01,Genesis,009
       6,     664,    3771, 44,Acts,014
       6,     664,    3419, 01,Genesis,039
       5,     663,    3508, 05,Deuteronomy,006
       6,     662,    3599, 17,Esther,008
       9,     662,    3483, 40,Matthew,007
       6,     662,    3364, 26,Ezekiel,008
       7,     661,    3716, 60,1 Peter,001
       6,     661,    3620, 08,Ruth,004
       6,     661,    3462, 02,Exodus,013
       6,     660,    3666, 24,Jeremiah,035
      12,     660,    3581, 05,Deuteronomy,023
       6,     660,    3530, 16,Nehemiah,005
       9,     659,    3419, 05,Deuteronomy,014
      12,     657,    3404, 21,Ecclesiastes,007
      35,     656,    3757, 31,Obadiah,001
       9,     656,    3494, 03,Leviticus,009
      15,     655,    3485, 26,Ezekiel,031
       5,     654,    3511, 45,Romans,004
       4,     654,    3449, 48,Galatians,002
       5,     653,    3494, 05,Deuteronomy,026
       4,     653,    3482, 15,Ezra,009
       5,     652,    3708, 14,2 Chronicles,013
       5,     651,    3784, 61,2 Peter,002
       6,     650,    3607, 07,Judges,002
       6,     649,    3516, 49,Ephesians,005
       5,     649,    3339, 05,Deuteronomy,030
      13,     649,    3306, 02,Exodus,020
       4,     648,    3817, 13,1 Chronicles,005
      29,     648,    3450, 24,Jeremiah,018
      13,     648,    3412, 18,Job,001
       7,     648,    3399, 01,Genesis,028
       6,     646,    3493, 51,Colossians,002
      32,     645,    3635, 23,Isaiah,060
      41,     645,    3516, 20,Proverbs,030
       5,     642,    3512, 40,Matthew,002
       9,     640,    3216, 27,Daniel,010
       7,     636,    3455, 01,Genesis,022
       5,     636,    3392, 40,Matthew,017
      12,     634,    3730, 04,Numbers,002
       7,     634,    3499, 08,Ruth,001
      33,     634,    3475, 18,Job,038
      29,     633,    3517, 04,Numbers,024
       6,     631,    3583, 10,2 Samuel,005
       9,     631,    3330, 07,Judges,015
       7,     630,    3649, 24,Jeremiah,041
       9,     630,    3620, 01,Genesis,014
       8,     630,    3390, 26,Ezekiel,005
       5,     629,    3310, 05,Deuteronomy,010
       8,     628,    3357, 26,Ezekiel,010
      46,     627,    3358, 23,Isaiah,048
       5,     626,    3535, 14,2 Chronicles,021
       5,     626,    3384, 47,2 Corinthians,008
       5,     626,    3270, 62,1 John,003
      41,     624,    3598, 19,Psalms,105
       6,     622,    3288, 05,Deuteronomy,019
       5,     621,    3360, 02,Exodus,005
      38,     620,    3411, 18,Job,034
      15,     619,    3379, 39,Malachi,003
       6,     616,    3263, 59,James,002
       5,     615,    3509, 24,Jeremiah,037
      15,     615,    3501, 05,Deuteronomy,027
      42,     615,    3405, 36,Zephaniah,003
       5,     615,    3311, 13,1 Chronicles,022
       5,     614,    3223, 05,Deuteronomy,020
       3,     613,    3215, 05,Deuteronomy,013
      10,     613,    3203, 59,James,001
       7,     612,    3417, 13,1 Chronicles,019
      40,     612,    3368, 25,Lamentations,004
      16,     609,    3467, 38,Zechariah,001
      11,     609,    3174, 66,Revelation,016
       7,     606,    3300, 60,1 Peter,002
      30,     605,    3248, 24,Jeremiah,020
       7,     605,    3195, 16,Nehemiah,006
       9,     605,    3156, 66,Revelation,001
       3,     604,    3268, 14,2 Chronicles,002
       6,     603,    3341, 10,2 Samuel,010
       8,     603,    3161, 66,Revelation,011
      36,     602,    3351, 20,Proverbs,014
      12,     602,    3194, 66,Revelation,022
      38,     602,    3080, 18,Job,009
       7,     601,    3402, 04,Numbers,034
       7,     601,    3222, 60,1 Peter,003
      42,     600,    3147, 19,Psalms,022
      31,     598,    3408, 23,Isaiah,009
      38,     598,    3393, 23,Isaiah,059
       6,     598,    3192, 05,Deuteronomy,018
      11,     598,    2984, 21,Ecclesiastes,005
       5,     597,    3226, 45,Romans,005
       6,     595,    3087, 03,Leviticus,021
      11,     594,    3122, 58,Hebrews,013
      28,     591,    3167, 23,Isaiah,038
       7,     591,    3069, 66,Revelation,009
       8,     590,    3074, 01,Genesis,006
       6,     590,    3051, 66,Revelation,017
       6,     589,    3260, 15,Ezra,005
      42,     588,    3234, 23,Isaiah,057
       6,     585,    3224, 40,Matthew,004
       5,     585,    3067, 45,Romans,006
      44,     584,    3356, 23,Isaiah,033
       5,     583,    3293, 55,2 Timothy,002
       6,     582,    3393, 12,2 Kings,024
       6,     582,    3383, 27,Daniel,001
       5,     582,    3084, 49,Ephesians,001
       5,     580,    2919, 45,Romans,014
      44,     579,    3213, 19,Psalms,104
      37,     579,    3212, 35,Habakkuk,002
       8,     579,    3209, 54,1 Timothy,005
      38,     579,    3073, 20,Proverbs,023
       4,     579,    3025, 05,Deuteronomy,008
       5,     578,    3208, 04,Numbers,027
      10,     578,    3141, 26,Ezekiel,042
       7,     577,    3116, 39,Malachi,002
       6,     577,    2982, 01,Genesis,008
       7,     577,    2954, 66,Revelation,013
       6,     577,    2859, 62,1 John,005
       5,     576,    3070, 01,Genesis,007
       6,     575,    3056, 24,Jeremiah,019
       7,     575,    2999, 62,1 John,004
      34,     574,    3190, 20,Proverbs,010
      37,     573,    3101, 33,Micah,007
       5,     573,    3040, 50,Philippians,003
       8,     569,    3195, 54,1 Timothy,006
       8,     568,    3212, 45,Romans,016
       7,     568,    3079, 14,2 Chronicles,010
       5,     567,    3148, 17,Esther,003
       5,     564,    2820, 47,2 Corinthians,005
       7,     563,    3411, 13,1 Chronicles,024
      29,     563,    3147, 20,Proverbs,006
      33,     563,    3106, 18,Job,015
      37,     563,    3099, 20,Proverbs,024
       5,     562,    3011, 01,Genesis,040
       5,     562,    2928, 52,1 Thessalonians,002
      23,     561,    3160, 23,Isaiah,008
       8,     561,    3092, 50,Philippians,004
       7,     561,    2851, 21,Ecclesiastes,009
       5,     559,    3160, 15,Ezra,003
      41,     559,    3010, 18,Job,021
       5,     559,    2893, 46,1 Corinthians,004
       6,     557,    2974, 49,Ephesians,006
      36,     556,    3133, 23,Isaiah,024
      34,     556,    3015, 24,Jeremiah,012
       4,     556,    2981, 49,Ephesians,002
       4,     555,    2999, 02,Exodus,027
       5,     554,    2917, 06,Joshua,001
       4,     554,    2811, 06,Joshua,023
      32,     553,    2998, 20,Proverbs,003
       6,     553,    2917, 43,John,002
      31,     550,    3183, 20,Proverbs,008
      31,     549,    3208, 20,Proverbs,011
       6,     549,    2994, 61,2 Peter,003
       6,     549,    2876, 09,1 Samuel,003
       7,     547,    2927, 05,Deuteronomy,025
       4,     547,    2865, 09,1 Samuel,008
       7,     547,    2764, 66,Revelation,012
      30,     546,    3100, 29,Joel,003
       7,     545,    2942, 03,Leviticus,024
      36,     544,    3089, 20,Proverbs,001
      35,     543,    3091, 20,Proverbs,015
      37,     543,    3046, 19,Psalms,035
       5,     543,    3026, 51,Colossians,003
       6,     543,    2790, 66,Revelation,006
      37,     541,    2976, 23,Isaiah,026
       9,     541,    2867, 14,2 Chronicles,004
       8,     541,    2678, 21,Ecclesiastes,003
      33,     540,    3046, 23,Isaiah,013
      35,     540,    3025, 23,Isaiah,063
      36,     539,    2878, 19,Psalms,109
       4,     539,    2803, 01,Genesis,012
      10,     538,    3103, 24,Jeremiah,039
       7,     538,    2964, 61,2 Peter,001
      11,     537,    2937, 01,Genesis,005
       5,     537,    2761, 03,Leviticus,017
       6,     535,    2781, 01,Genesis,033
       8,     535,    2733, 57,Philemon,001
      28,     534,    3041, 23,Isaiah,002
       7,     534,    2784, 48,Galatians,001
       7,     533,    2892, 06,Joshua,003
       4,     533,    2876, 60,1 Peter,004
       4,     533,    2731, 01,Genesis,023
      31,     532,    2893, 20,Proverbs,019
      21,     532,    2864, 24,Jeremiah,001
      22,     531,    3024, 36,Zephaniah,001
       6,     531,    2987, 24,Jeremiah,028
      38,     531,    2952, 20,Proverbs,016
       4,     530,    2730, 08,Ruth,003
       8,     527,    2978, 48,Galatians,005
      17,     526,    2875, 30,Amos,009
       3,     525,    2805, 01,Genesis,020
       4,     524,    2906, 11,1 Kings,005
       5,     524,    2828, 17,Esther,004
       5,     523,    3011, 26,Ezekiel,025
      34,     523,    2755, 18,Job,030
       8,     523,    2667, 32,Jonah,001
       9,     523,    2650, 26,Ezekiel,004
       3,     521,    2815, 14,2 Chronicles,015
       4,     520,    2793, 45,Romans,010
       4,     519,    3155, 13,1 Chronicles,025
      30,     518,    2928, 20,Proverbs,028
      32,     518,    2816, 18,Job,033
      27,     517,    3081, 23,Isaiah,003
      33,     517,    2879, 20,Proverbs,021
      42,     517,    2740, 19,Psalms,031
      22,     516,    2812, 23,Isaiah,011
       4,     516,    2733, 58,Hebrews,002
       5,     514,    2656, 46,1 Corinthians,003
       5,     514,    2617, 03,Leviticus,001
      42,     513,    2962, 34,Nahum,003
      26,     512,    2706, 20,Proverbs,025
       5,     511,    3000, 14,2 Chronicles,008
       5,     511,    2795, 14,2 Chronicles,001
       6,     509,    2963, 09,1 Samuel,007
       7,     509,    2736, 59,James,005
      17,     508,    2852, 39,Malachi,001
       6,     508,    2762, 06,Joshua,005
      37,     508,    2720, 18,Job,006
       4,     507,    2682, 49,Ephesians,003
       6,     507,    2657, 66,Revelation,007
      30,     506,    2832, 20,Proverbs,017
       7,     505,    2840, 54,1 Timothy,001
       5,     505,    2640, 46,1 Corinthians,006
       9,     505,    2601, 21,Ecclesiastes,008
      31,     504,    2816, 23,Isaiah,034
      29,     504,    2723, 20,Proverbs,022
      42,     504,    2708, 18,Job,041
      36,     504,    2673, 18,Job,039
      31,     501,    2829, 29,Joel,001
      28,     500,    2816, 23,Isaiah,054
      28,     500,    2650, 20,Proverbs,026
      29,     498,    2810, 38,Zechariah,009
      23,     498,    2786, 23,Isaiah,058
       4,     498,    2529, 66,Revelation,020
       7,     497,    3230, 40,Matthew,001
      15,     497,    2690, 38,Zechariah,011
       5,     497,    2689, 09,1 Samuel,021
       9,     496,    2641, 46,1 Corinthians,016
       5,     495,    2839, 06,Joshua,012
      25,     495,    2649, 18,Job,020
       4,     495,    2649, 09,1 Samuel,011
      32,     492,    2815, 18,Job,036
      34,     492,    2740, 20,Proverbs,020
       9,     491,    2597, 52,1 Thessalonians,005
       4,     491,    2550, 03,Leviticus,003
      19,     490,    3098, 01,Genesis,010
       4,     490,    2978, 14,2 Chronicles,011
      31,     490,    2608, 19,Psalms,044
       3,     489,    2599, 47,2 Corinthians,010
      31,     488,    2653, 18,Job,022
       4,     487,    3346, 13,1 Chronicles,008
       4,     487,    2603, 45,Romans,012
      29,     486,    2849, 28,Hosea,004
      12,     485,    2784, 24,Jeremiah,021
      33,     485,    2645, 20,Proverbs,031
       5,     485,    2553, 47,2 Corinthians,007
      27,     484,    2664, 20,Proverbs,027
       3,     484,    2622, 14,2 Chronicles,005
      43,     483,    2663, 35,Habakkuk,003
      32,     481,    2748, 28,Hosea,009
       4,     480,    2571, 58,Hebrews,006
       6,     480,    2497, 55,2 Timothy,001
       5,     479,    2668, 02,Exodus,001
       8,     479,    2651, 30,Amos,007
       5,     479,    2505, 02,Exodus,024
       5,     478,    2575, 14,2 Chronicles,016
       5,     477,    2832, 14,2 Chronicles,012
       9,     477,    2646, 55,2 Timothy,004
      29,     476,    2512, 18,Job,019
       3,     475,    2628, 26,Ezekiel,006
       5,     475,    2610, 17,Esther,006
      28,     474,    2668, 20,Proverbs,012
       6,     474,    2495, 04,Numbers,030
      41,     473,    2588, 23,Isaiah,047
       4,     472,    2596, 01,Genesis,015
       4,     472,    2538, 47,2 Corinthians,004
       8,     472,    2504, 03,Leviticus,002
       5,     471,    2563, 38,Zechariah,012
      31,     470,    2695, 23,Isaiah,023
      28,     470,    2530, 19,Psalms,102
       4,     469,    2692, 14,2 Chronicles,022
       9,     468,    2569, 37,Haggai,001
       5,     468,    2489, 14,2 Chronicles,003
       6,     468,    2459, 40,Matthew,028
      32,     467,    2602, 18,Job,024
       6,     466,    2531, 02,Exodus,017
       5,     465,    2467, 17,Esther,005
       5,     464,    2567, 04,Numbers,025
      32,     463,    2605, 33,Micah,001
       3,     463,    2481, 24,Jeremiah,043
       3,     463,    2461, 01,Genesis,013
      32,     459,    2466, 19,Psalms,071
       4,     458,    2366, 58,Hebrews,004
      27,     457,    2706, 36,Zephaniah,002
      30,     455,    2557, 20,Proverbs,029
       5,     455,    2520, 14,2 Chronicles,014
       7,     455,    2294, 48,Galatians,006
       4,     454,    2395, 53,2 Thessalonians,002
      31,     454,    2327, 19,Psalms,139
      21,     452,    2492, 33,Micah,004
      27,     452,    2468, 18,Job,005
       4,     452,    2284, 66,Revelation,005
       3,     448,    2510, 06,Joshua,014
      34,     448,    2431, 19,Psalms,055
      32,     446,    2394, 20,Proverbs,004
       5,     445,    2555, 07,Judges,010
      26,     444,    2432, 18,Job,028
       4,     444,    2333, 47,2 Corinthians,003
      38,     443,    2409, 19,Psalms,118
      27,     443,    2310, 18,Job,003
       4,     442,    2311, 58,Hebrews,003
       3,     442,    2276, 09,1 Samuel,005
      28,     441,    2429, 33,Micah,006
       4,     441,    2418, 10,2 Samuel,004
       4,     441,    2318, 52,1 Thessalonians,004
      16,     438,    2226, 21,Ecclesiastes,010
      16,     436,    2548, 30,Amos,001
      39,     435,    2384, 23,Isaiah,021
       9,     434,    2272, 27,Daniel,012
      30,     433,    2527, 28,Hosea,010
      21,     432,    2433, 30,Amos,004
       4,     431,    2389, 26,Ezekiel,035
       3,     431,    2295, 40,Matthew,003
      32,     431,    2255, 18,Job,013
       5,     430,    2268, 38,Zechariah,006
      18,     429,    2380, 30,Amos,002
       4,     428,    2646, 14,2 Chronicles,017
      36,     428,    2361, 19,Psalms,074
       5,     428,    2250, 59,James,004
      35,     427,    2439, 35,Habakkuk,001
      36,     427,    2348, 19,Psalms,073
       7,     427,    2338, 51,Colossians,004
       4,     427,    2284, 45,Romans,013
       6,     426,    2635, 10,2 Samuel,008
      22,     426,    2565, 23,Isaiah,032
      14,     426,    2356, 18,Job,042
      38,     426,    2287, 22,Song of Solomon,005
       5,     423,    2254, 59,James,003
       4,     423,    2102, 47,2 Corinthians,002
       7,     422,    2208, 26,Ezekiel,009
      25,     421,    2458, 20,Proverbs,013
      31,     421,    2380, 28,Hosea,007
       4,     420,    2155, 46,1 Corinthians,002
      28,     419,    2270, 19,Psalms,050
       5,     419,    2211, 58,Hebrews,008
      22,     418,    2299, 30,Amos,003
       3,     418,    2260, 02,Exodus,031
      26,     417,    2414, 23,Isaiah,052
       4,     417,    2320, 10,2 Samuel,009
      27,     417,    2302, 18,Job,037
       4,     417,    2210, 09,1 Samuel,029
      22,     416,    2236, 23,Isaiah,053
       7,     415,    2098, 66,Revelation,008
       4,     414,    2328, 01,Genesis,016
      34,     414,    2174, 19,Psalms,040
       4,     413,    2295, 47,2 Corinthians,009
      20,     413,    2180, 18,Job,029
       6,     413,    2161, 53,2 Thessalonians,003
       8,     413,    2114, 21,Ecclesiastes,004
      22,     411,    2331, 23,Isaiah,016
      27,     411,    2213, 20,Proverbs,007
      20,     409,    2264, 33,Micah,005
      23,     407,    2317, 18,Job,012
       4,     407,    2294, 47,2 Corinthians,006
      25,     407,    2124, 18,Job,014
      26,     407,    2066, 18,Job,007
       6,     405,    2348, 07,Judges,012
      26,     405,    2192, 28,Hosea,013
      26,     404,    2276, 20,Proverbs,018
      30,     403,    2292, 34,Nahum,001
       4,     402,    2393, 04,Numbers,036
      20,     402,    2146, 23,Isaiah,055
       5,     401,    2117, 18,Job,002
      25,     401,    2046, 18,Job,010
      15,     400,    2199, 30,Amos,008
       4,     399,    2147, 04,Numbers,012
       5,     398,    2271, 56,Titus,001
      26,     398,    2160, 19,Psalms,072
       3,     398,    2159, 13,1 Chronicles,013
      24,     397,    2122, 23,Isaiah,027
      18,     396,    2117, 18,Job,032
      20,     395,    2220, 38,Zechariah,010
      20,     395,    2210, 23,Isaiah,017
       3,     395,    1993, 07,Judges,017
       3,     394,    2210, 14,2 Chronicles,019
      27,     394,    2070, 18,Job,016
      23,     394,    2056, 19,Psalms,059
      34,     390,    2022, 23,Isaiah,050
       3,     389,    2135, 09,1 Samuel,027
       4,     388,    2448, 13,1 Chronicles,018
      19,     387,    2160, 21,Ecclesiastes,001
      28,     386,    2185, 33,Micah,002
      15,     386,    2170, 30,Amos,006
       5,     386,    2090, 21,Ecclesiastes,012
       3,     381,    2683, 13,1 Chronicles,003
      25,     381,    2250, 22,Song of Solomon,004
       4,     381,    2102, 16,Nehemiah,001
      17,     377,    2026, 23,Isaiah,006
      24,     377,    2025, 20,Proverbs,005
       4,     376,    1948, 58,Hebrews,001
      22,     375,    2027, 18,Job,027
       4,     372,    2186, 44,Acts,006
       4,     372,    2061, 13,1 Chronicles,010
       4,     371,    2055, 38,Zechariah,007
      18,     370,    2205, 23,Isaiah,061
       4,     370,    1992, 66,Revelation,004
      28,     370,    1987, 22,Song of Solomon,008
      10,     370,    1942, 38,Zechariah,004
       6,     369,    2069, 54,1 Timothy,003
      22,     369,    2043, 23,Isaiah,056
       4,     368,    2136, 13,1 Chronicles,014
      27,     368,    2093, 19,Psalms,045
      24,     368,    2065, 28,Hosea,005
       3,     368,    2049, 54,1 Timothy,004
       7,     368,    2030, 56,Titus,003
       8,     368,    1920, 64,3 John,001
      30,     367,    2054, 19,Psalms,010
      29,     366,    2017, 19,Psalms,094
      24,     366,    2015, 23,Isaiah,062
      22,     363,    2041, 19,Psalms,049
      22,     363,    1983, 19,Psalms,051
      29,     363,    1903, 19,Psalms,025
       3,     363,    1764, 66,Revelation,010
      21,     361,    1977, 23,Isaiah,025
      26,     361,    1962, 18,Job,004
      23,     360,    2043, 19,Psalms,009
      29,     360,    1944, 18,Job,040
      25,     359,    1897, 23,Isaiah,046
       5,     359,    1845, 47,2 Corinthians,013
      22,     358,    1926, 26,Ezekiel,019
       5,     357,    1941, 60,1 Peter,005
      20,     357,    1925, 18,Job,008
       2,     356,    1990, 09,1 Samuel,031
       4,     355,    1856, 24,Jeremiah,024
      25,     353,    1941, 19,Psalms,034
       5,     353,    1780, 63,2 John,001
       5,     352,    2008, 15,Ezra,001
      26,     352,    1918, 22,Song of Solomon,002
      30,     352,    1916, 19,Psalms,077
       3,     351,    2074, 55,2 Timothy,003
      27,     351,    1917, 22,Song of Solomon,001
       6,     351,    1870, 28,Hosea,001
      25,     351,    1870, 19,Psalms,038
       5,     350,    1887, 53,2 Thessalonians,001
      22,     349,    1939, 19,Psalms,103
       4,     349,    1881, 58,Hebrews,005
      22,     348,    1866, 19,Psalms,088
      22,     348,    1844, 18,Job,018
       6,     347,    1757, 32,Jonah,004
      25,     346,    1790, 25,Lamentations,005
       3,     346,    1741, 52,1 Thessalonians,003
      25,     345,    1820, 19,Psalms,080
      18,     343,    1892, 33,Micah,003
      25,     341,    1886, 19,Psalms,033
      28,     339,    1956, 34,Nahum,002
      24,     339,    1824, 18,Job,011
      27,     339,    1815, 19,Psalms,066
      20,     337,    1985, 19,Psalms,136
       3,     337,    1784, 46,1 Corinthians,005
       3,     336,    1814, 17,Esther,007
      19,     335,    1788, 19,Psalms,007
      24,     334,    1754, 19,Psalms,027
       3,     329,    1634, 21,Ecclesiastes,006
      22,     328,    1738, 19,Psalms,090
      29,     327,    1852, 28,Hosea,008
      21,     326,    1864, 19,Psalms,145
      22,     325,    1655, 19,Psalms,086
      10,     324,    1890, 20,Proverbs,002
      18,     324,    1748, 23,Isaiah,064
      20,     324,    1713, 28,Hosea,011
       4,     322,    1686, 05,Deuteronomy,034
       4,     321,    1792, 56,Titus,002
       3,     321,    1607, 46,1 Corinthians,013
       3,     320,    1650, 46,1 Corinthians,008
       8,     319,    1676, 38,Zechariah,005
       5,     316,    1707, 04,Numbers,017
      25,     315,    1785, 19,Psalms,135
       3,     315,    1712, 02,Exodus,011
      15,     314,    1733, 23,Isaiah,031
      10,     314,    1708, 38,Zechariah,013
       7,     314,    1701, 38,Zechariah,002
       3,     312,    1735, 06,Joshua,020
      26,     305,    1593, 19,Psalms,039
       5,     304,    1638, 38,Zechariah,003
      16,     303,    1684, 19,Psalms,144
      22,     303,    1662, 20,Proverbs,009
      21,     302,    1522, 18,Job,023
       3,     301,    1660, 54,1 Timothy,002
      15,     301,    1599, 19,Psalms,017
      19,     301,    1594, 19,Psalms,091
      24,     300,    1660, 19,Psalms,147
      21,     297,    1681, 28,Hosea,012
      22,     297,    1618, 22,Song of Solomon,007
      23,     295,    1685, 22,Song of Solomon,006
      22,     295,    1569, 19,Psalms,081
       7,     295,    1430, 21,Ecclesiastes,011
      22,     291,    1595, 23,Isaiah,035
       5,     289,    1472, 26,Ezekiel,002
      18,     287,    1574, 19,Psalms,079
      25,     287,    1465, 19,Psalms,116
       5,     285,    1568, 13,1 Chronicles,020
      17,     285,    1557, 22,Song of Solomon,003
      19,     284,    1552, 19,Psalms,132
      19,     283,    1606, 19,Psalms,019
       3,     278,    1407, 62,1 John,001
      14,     277,    1612, 19,Psalms,083
       4,     274,    1488, 32,Jonah,003
      21,     271,    1397, 19,Psalms,042
      19,     270,    1447, 18,Job,017
      19,     270,    1442, 18,Job,035
      18,     265,    1429, 19,Psalms,115
       4,     265,    1418, 52,1 Thessalonians,001
      20,     265,    1418, 28,Hosea,006
       2,     265,    1366, 03,Leviticus,012
      17,     263,    1498, 19,Psalms,065
      15,     263,    1451, 19,Psalms,092
      20,     261,    1384, 19,Psalms,041
      18,     260,    1331, 19,Psalms,057
       3,     259,    1569, 06,Joshua,016
       4,     258,    1391, 66,Revelation,015
      20,     258,    1336, 19,Psalms,056
      16,     257,    1436, 19,Psalms,005
      18,     257,    1370, 28,Hosea,014
       4,     256,    1487, 23,Isaiah,039
      18,     255,    1295, 19,Psalms,030
      20,     254,    1404, 19,Psalms,060
      17,     254,    1378, 19,Psalms,084
      20,     252,    1418, 23,Isaiah,015
      20,     250,    1290, 19,Psalms,143
      22,     249,    1310, 19,Psalms,062
      18,     248,    1335, 19,Psalms,032
      18,     246,    1320, 19,Psalms,140
      10,     245,    1395, 23,Isaiah,018
      17,     244,    1305, 19,Psalms,021
       2,     242,    1303, 14,2 Chronicles,027
      20,     240,    1274, 19,Psalms,108
      20,     238,    1300, 19,Psalms,048
      16,     238,    1267, 19,Psalms,058
      16,     237,    1264, 19,Psalms,036
      20,     237,    1208, 32,Jonah,002
      18,     235,    1327, 19,Psalms,096
      15,     233,    1275, 18,Job,026
      14,     233,    1246, 19,Psalms,046
      16,     228,    1180, 19,Psalms,141
      15,     224,    1113, 19,Psalms,063
      15,     223,    1245, 19,Psalms,085
      15,     222,    1161, 19,Psalms,028
      11,     212,    1104, 19,Psalms,052
      16,     211,    1236, 24,Jeremiah,047
      14,     210,    1191, 19,Psalms,148
       3,     209,    1064, 26,Ezekiel,015
       1,     208,    1072, 41,Mark,016
      14,     205,    1132, 19,Psalms,076
      14,     205,    1061, 19,Psalms,075
      16,     204,    1142, 19,Psalms,097
      20,     204,    1080, 19,Psalms,016
      12,     203,    1140, 19,Psalms,002
      13,     199,    1033, 19,Psalms,095
      12,     197,    1045, 19,Psalms,026
      12,     191,     997, 19,Psalms,006
       4,     188,     973, 23,Isaiah,004
      12,     186,    1056, 19,Psalms,064
      14,     185,     968, 19,Psalms,004
      19,     184,    1041, 19,Psalms,112
      13,     183,     974, 19,Psalms,138
      12,     182,     997, 19,Psalms,146
       4,     180,    1008, 39,Malachi,004
      15,     179,    1044, 19,Psalms,029
      14,     179,     922, 19,Psalms,020
      17,     178,    1064, 19,Psalms,111
       8,     178,     955, 19,Psalms,008
      15,     178,     935, 19,Psalms,101
      15,     176,     955, 19,Psalms,099
      13,     175,     986, 19,Psalms,024
       2,     172,     986, 23,Isaiah,020
      12,     172,     866, 19,Psalms,061
      13,     170,     956, 19,Psalms,098
       3,     167,     888, 28,Hosea,003
      14,     164,     890, 19,Psalms,110
      12,     164,     884, 19,Psalms,137
      13,     164,     830, 19,Psalms,142
      10,     162,     940, 19,Psalms,012
      14,     157,     898, 19,Psalms,053
      15,     157,     842, 19,Psalms,047
      13,     157,     804, 19,Psalms,003
      14,     153,     866, 19,Psalms,014
      13,     153,     803, 19,Psalms,122
       4,     151,     840, 24,Jeremiah,045
      10,     145,     800, 19,Psalms,149
       7,     145,     747, 19,Psalms,001
      13,     144,     777, 19,Psalms,011
      10,     140,     749, 19,Psalms,082
      10,     139,     734, 19,Psalms,054
      11,     137,     745, 23,Isaiah,012
      13,     137,     745, 19,Psalms,087
       9,     129,     720, 19,Psalms,129
      10,     129,     661, 19,Psalms,130
      12,     129,     640, 19,Psalms,043
      10,     128,     634, 19,Psalms,013
       8,     127,     652, 19,Psalms,127
       9,     126,     674, 19,Psalms,067
      10,     123,     646, 19,Psalms,113
       8,     121,     646, 19,Psalms,124
      13,     120,     601, 19,Psalms,121
      10,     119,     612, 19,Psalms,023
       9,     115,     617, 19,Psalms,015
       9,     110,     624, 19,Psalms,126
      11,     109,     579, 19,Psalms,070
       9,     107,     553, 19,Psalms,128
       7,     106,     572, 19,Psalms,114
       9,     106,     540, 19,Psalms,120
       7,     104,     588, 19,Psalms,125
       2,      98,     567, 17,Esther,010
       8,      94,     577, 19,Psalms,093
       5,      91,     462, 19,Psalms,123
      13,      90,     508, 19,Psalms,150
      10,      89,     507, 19,Psalms,100
       6,      88,     443, 18,Job,025
       5,      69,     389, 19,Psalms,133
       4,      66,     342, 19,Psalms,131
       4,      44,     253, 19,Psalms,134
       3,      27,     167, 19,Psalms,117
